"","station","Species","Individual","DateTimeOriginal","Date","Time","delta.time.secs","delta.time.mins","delta.time.hours","delta.time.days","Directory","FileName","n_images"
"1","D10","experiment_2022","T1_F",2022-03-20 14:08:04,2022-03-20,"14:08:04",0,0,0,0,"2022/experiment_2022/D10/T1_F","D10_B_I__00407.JPG",4
"2","D10","experiment_2022","T1_F",2022-03-31 01:10:04,2022-03-31,"01:10:04",903720,15062,251,10.5,"2022/experiment_2022/D10/T1_F","D10.D10B.D10_B_I__00477.JPG",1
"3","D11","experiment_2022","T7_F",2022-03-13 08:06:44,2022-03-13,"08:06:44",0,0,0,0,"2022/experiment_2022/D11/T7_F","D11_A_I__00121.JPG",7
"4","D11","experiment_2022","T8_M",2022-04-05 03:08:54,2022-04-05,"03:08:54",0,0,0,0,"2022/experiment_2022/D11/T8_M","D11_A_I__00352.JPG",1
"5","D12","experiment_2022","T8_M",2022-03-09 19:28:56,2022-03-09,"19:28:56",0,0,0,0,"2022/experiment_2022/D12/T8_M","D12_A_I__00058.JPG",1
"6","D12","experiment_2022","T8_M",2022-03-09 19:30:12,2022-03-09,"19:30:12",76,1.3,0,0,"2022/experiment_2022/D12/T8_M","D12_B_I__00035.JPG",1
"7","D13","experiment_2022","T21_F",2022-03-30 16:32:50,2022-03-30,"16:32:50",0,0,0,0,"2022/experiment_2022/D13/T21_F","D13_A_I__00167.JPG",15
"8","D13","experiment_2022","T21_F",2022-03-30 16:35:34,2022-03-30,"16:35:34",164,2.7,0,0,"2022/experiment_2022/D13/T21_F","D13_A_I__00187.JPG",2
"9","D13","experiment_2022","T21_F",2022-03-30 16:37:12,2022-03-30,"16:37:12",98,1.6,0,0,"2022/experiment_2022/D13/T21_F","D13_B_I__00030.JPG",2
"10","D14","experiment_2022","T13_F",2022-03-01 08:13:04,2022-03-01,"08:13:04",0,0,0,0,"2022/experiment_2022/D14/T13_F","D14_B_I__00012.JPG",5
"11","D14","experiment_2022","T13_F",2022-03-14 15:40:16,2022-03-14,"15:40:16",1150032,19167.2,319.5,13.3,"2022/experiment_2022/D14/T13_F","D14_B_I__00044.JPG",3
"12","D14","experiment_2022","T13_F",2022-04-06 22:04:12,2022-04-06,"22:04:12",2010236,33503.9,558.4,23.3,"2022/experiment_2022/D14/T13_F","D14_A_I__00046.JPG",1
"13","D14","experiment_2022","T14_F",2022-03-14 20:08:38,2022-03-14,"20:08:38",0,0,0,0,"2022/experiment_2022/D14/T14_F","D14_B_I__00047.JPG",1
"14","D14","experiment_2022","T21_F",2022-03-31 02:42:02,2022-03-31,"02:42:02",0,0,0,0,"2022/experiment_2022/D14/T21_F","D14_B_I__00050.JPG",1
"15","D14","experiment_2022","T21_F",2022-04-01 12:57:01,2022-04-01,"12:57:01",123299,2055,34.2,1.4,"2022/experiment_2022/D14/T21_F","D14_B_I__00055.JPG",2
"16","D14","experiment_2022","T8_M",2022-03-02 07:46:16,2022-03-02,"07:46:16",0,0,0,0,"2022/experiment_2022/D14/T8_M","D14_B_I__00029.JPG",4
"17","D14","experiment_2022","T8_M",2022-03-09 20:59:05,2022-03-09,"20:59:05",652369,10872.8,181.2,7.6,"2022/experiment_2022/D14/T8_M","D14_B_I__00039.JPG",1
"18","D14","experiment_2022","T8_M",2022-03-15 01:06:57,2022-03-15,"01:06:57",446872,7447.9,124.1,5.2,"2022/experiment_2022/D14/T8_M","D14_B_I__00048.JPG",1
"19","D14","experiment_2022","T8_M",2022-04-05 18:19:38,2022-04-05,"18:19:38",1876361,31272.7,521.2,21.7,"2022/experiment_2022/D14/T8_M","D14_B_I__00062.JPG",2
"20","D15","experiment_2022","T1_F",2022-02-28 09:31:10,2022-02-28,"09:31:10",0,0,0,0,"2022/experiment_2022/D15/T1_F","D15_B_I__00035.JPG",14
"21","D15","experiment_2022","T1_F",2022-03-22 04:11:56,2022-03-22,"04:11:56",1881646,31360.8,522.7,21.8,"2022/experiment_2022/D15/T1_F","D15_A_I__00304.JPG",1
"22","D15","experiment_2022","T1_F",2022-04-04 03:46:41,2022-04-04,"03:46:41",1121685,18694.8,311.6,13,"2022/experiment_2022/D15/T1_F","D15_B_I__00234.JPG",3
"23","D15","experiment_2022","T1_F",2022-04-04 04:47:24,2022-04-04,"04:47:24",3643,60.7,1,0,"2022/experiment_2022/D15/T1_F","D15_A_I__00410.JPG",2
"24","D15","experiment_2022","T1_F",2022-04-09 07:31:19,2022-04-09,"07:31:19",441835,7363.9,122.7,5.1,"2022/experiment_2022/D15/T1_F","D15_B_I__00247.JPG",5
"25","D15","experiment_2022","T1_F",2022-04-09 07:32:30,2022-04-09,"07:32:30",71,1.2,0,0,"2022/experiment_2022/D15/T1_F","D15_B_I__00252.JPG",2
"26","D15","experiment_2022","T1_F",2022-04-09 08:08:43,2022-04-09,"08:08:43",2173,36.2,0.6,0,"2022/experiment_2022/D15/T1_F","D15_B_I__00254.JPG",1
"27","D15","experiment_2022","T1_F",2022-04-09 08:32:06,2022-04-09,"08:32:06",1403,23.4,0.4,0,"2022/experiment_2022/D15/T1_F","D15_A_I__00432.JPG",5
"28","D15","experiment_2022","T1_F",2022-04-09 08:33:14,2022-04-09,"08:33:14",68,1.1,0,0,"2022/experiment_2022/D15/T1_F","D15_A_I__00440.JPG",3
"29","D15","experiment_2022","T34",2022-04-09 09:09:28,2022-04-09,"09:09:28",0,0,0,0,"2022/experiment_2022/D15/T34","D15_A_I__00443.JPG",2
"30","D15","experiment_2022","T5_M",2022-03-04 02:39:52,2022-03-04,"02:39:52",0,0,0,0,"2022/experiment_2022/D15/T5_M","D15_B_I__00077.JPG",2
"31","D15","experiment_2022","T5_M",2022-03-27 20:30:29,2022-03-27,"20:30:29",2051437,34190.6,569.8,23.7,"2022/experiment_2022/D15/T5_M","D15_B_I__00212.JPG",1
"32","D15","experiment_2022","T5_M",2022-03-27 21:31:12,2022-03-27,"21:31:12",3643,60.7,1,0,"2022/experiment_2022/D15/T5_M","D15_A_I__00369.JPG",1
"33","D16","experiment_2022","T12_F",2022-04-01 06:42:02,2022-04-01,"06:42:02",0,0,0,0,"2022/experiment_2022/D16/T12_F","D16.D16A.D16_A_I__00457.JPG",1
"34","D16","experiment_2022","T12_F",2022-04-01 07:17:41,2022-04-01,"07:17:41",2139,35.6,0.6,0,"2022/experiment_2022/D16/T12_F","D16_A_I__00448.JPG",1
"35","D16","experiment_2022","T12_F",2022-04-01 07:56:59,2022-04-01,"07:56:59",2358,39.3,0.7,0,"2022/experiment_2022/D16/T12_F","D16_A_I__00449.JPG",1
"36","D16","experiment_2022","T12_F",2022-04-01 18:41:57,2022-04-01,"18:41:57",38698,645,10.8,0.4,"2022/experiment_2022/D16/T12_F","D16_A_I__00455.JPG",2
"37","D16","experiment_2022","T12_F",2022-04-03 21:40:30,2022-04-03,"21:40:30",183513,3058.6,51,2.1,"2022/experiment_2022/D16/T12_F","D16_B_I__00938.JPG",1
"38","D16","experiment_2022","T12_F",2022-04-03 22:19:42,2022-04-03,"22:19:42",2352,39.2,0.7,0,"2022/experiment_2022/D16/T12_F","D16_B_I__00939.JPG",1
"39","D16","experiment_2022","T12_F",2022-04-04 03:19:18,2022-04-04,"03:19:18",17976,299.6,5,0.2,"2022/experiment_2022/D16/T12_F","D16_B_I__00940.JPG",2
"40","D16","experiment_2022","T12_F",2022-04-04 03:23:40,2022-04-04,"03:23:40",262,4.4,0.1,0,"2022/experiment_2022/D16/T12_F","D16_B_I__00942.JPG",1
"41","D16","experiment_2022","T12_F",2022-04-04 03:25:18,2022-04-04,"03:25:18",98,1.6,0,0,"2022/experiment_2022/D16/T12_F","D16_B_I__00943.JPG",1
"42","D16","experiment_2022","T12_F",2022-04-04 09:04:46,2022-04-04,"09:04:46",20368,339.5,5.7,0.2,"2022/experiment_2022/D16/T12_F","D16_B_I__00947.JPG",2
"43","D16","experiment_2022","T20_F",2022-03-05 02:06:59,2022-03-05,"02:06:59",0,0,0,0,"2022/experiment_2022/D16/T20_F","D16_A_I__00067.JPG",1
"44","D16","experiment_2022","T20_F",2022-03-05 04:49:35,2022-03-05,"04:49:35",9756,162.6,2.7,0.1,"2022/experiment_2022/D16/T20_F","D16_A_I__00069.JPG",1
"45","D16","experiment_2022","T20_F",2022-03-06 22:55:50,2022-03-06,"22:55:50",151575,2526.2,42.1,1.8,"2022/experiment_2022/D16/T20_F","D16_B_I__00156.JPG",1
"46","D16","experiment_2022","T20_F",2022-03-07 01:38:34,2022-03-07,"01:38:34",9764,162.7,2.7,0.1,"2022/experiment_2022/D16/T20_F","D16_B_I__00158.JPG",1
"47","D16","experiment_2022","T20_F",2022-03-11 17:21:12,2022-03-11,"17:21:12",402158,6702.6,111.7,4.7,"2022/experiment_2022/D16/T20_F","D16_A_I__00124.JPG",2
"48","D16","experiment_2022","T20_F",2022-03-24 10:31:51,2022-03-24,"10:31:51",1098639,18310.7,305.2,12.7,"2022/experiment_2022/D16/T20_F","D16_A_I__00356.JPG",1
"49","D16","experiment_2022","T20_F",2022-03-27 00:54:42,2022-03-27,"00:54:42",224571,3742.8,62.4,2.6,"2022/experiment_2022/D16/T20_F","D16_B_I__00662.JPG",1
"50","D16","experiment_2022","T20_F",2022-03-29 09:51:34,2022-03-29,"09:51:34",205012,3416.9,56.9,2.4,"2022/experiment_2022/D16/T20_F","D16_A_I__00420.JPG",1
"51","D16","experiment_2022","T20_F",2022-04-01 00:14:20,2022-04-01,"00:14:20",224566,3742.8,62.4,2.6,"2022/experiment_2022/D16/T20_F","D16_B_I__00817.JPG",1
"52","D16","experiment_2022","T20_F",2022-04-07 14:18:00,2022-04-07,"14:18:00",569020,9483.7,158.1,6.6,"2022/experiment_2022/D16/T20_F","D16_A_I__00533.JPG",1
"53","D16","experiment_2022","T20_F",2022-04-09 13:06:49,2022-04-09,"13:06:49",168529,2808.8,46.8,2,"2022/experiment_2022/D16/T20_F","D16_A_I__00583.JPG",1
"54","D16","experiment_2022","T20_F",2022-04-10 04:40:50,2022-04-10,"04:40:50",56041,934,15.6,0.7,"2022/experiment_2022/D16/T20_F","D16_B_I__01184.JPG",1
"55","D16","experiment_2022","T20_F",2022-04-12 03:29:40,2022-04-12,"03:29:40",168530,2808.8,46.8,2,"2022/experiment_2022/D16/T20_F","D16_B_I__01258.JPG",1
"56","D16","experiment_2022","T36_M",2022-03-05 04:50:15,2022-03-05,"04:50:15",0,0,0,0,"2022/experiment_2022/D16/T36_M","D16_A_I__00070.JPG",1
"57","D16","experiment_2022","T36_M",2022-03-06 23:52:34,2022-03-06,"23:52:34",154939,2582.3,43,1.8,"2022/experiment_2022/D16/T36_M","D16_B_I__00157.JPG",1
"58","D16","experiment_2022","T36_M",2022-03-13 04:05:58,2022-03-13,"04:05:58",533604,8893.4,148.2,6.2,"2022/experiment_2022/D16/T36_M","D16_B_I__00209.JPG",1
"59","D16","experiment_2022","T37",2022-03-05 04:49:35,2022-03-05,"04:49:35",0,0,0,0,"2022/experiment_2022/D16/T37","D16_A_I__00069.JPG",1
"60","D16","experiment_2022","T5_M",2022-03-08 07:13:46,2022-03-08,"07:13:46",0,0,0,0,"2022/experiment_2022/D16/T5_M","D16_A_I__00105.JPG",1
"61","D16","experiment_2022","T5_M",2022-03-10 19:07:20,2022-03-10,"19:07:20",215614,3593.6,59.9,2.5,"2022/experiment_2022/D16/T5_M","D16_B_I__00198.JPG",1
"62","D16","experiment_2022","T5_M",2022-03-25 06:57:42,2022-03-25,"06:57:42",1252222,20870.4,347.8,14.5,"2022/experiment_2022/D16/T5_M","D16.D16A.D16_A_I__00358.JPG",3
"63","D16","experiment_2022","T5_M",2022-03-28 09:20:28,2022-03-28,"09:20:28",267766,4462.8,74.4,3.1,"2022/experiment_2022/D16/T5_M","D16_B_I__00679.JPG",1
"64","D16","experiment_2022","T5_M",2022-04-01 07:15:26,2022-04-01,"07:15:26",338098,5635,93.9,3.9,"2022/experiment_2022/D16/T5_M","D16_A_I__00447.JPG",1
"65","D16","experiment_2022","T5_M",2022-04-01 12:56:25,2022-04-01,"12:56:25",20459,341,5.7,0.2,"2022/experiment_2022/D16/T5_M","D16_A_I__00450.JPG",1
"66","D16","experiment_2022","T5_M",2022-04-01 18:03:14,2022-04-01,"18:03:14",18409,306.8,5.1,0.2,"2022/experiment_2022/D16/T5_M","D16_A_I__00451.JPG",2
"67","D16","experiment_2022","T5_M",2022-04-04 03:19:18,2022-04-04,"03:19:18",206164,3436.1,57.3,2.4,"2022/experiment_2022/D16/T5_M","D16_B_I__00940.JPG",1
"68","D16","experiment_2022","T5_M",2022-04-04 08:26:04,2022-04-04,"08:26:04",18406,306.8,5.1,0.2,"2022/experiment_2022/D16/T5_M","D16_B_I__00944.JPG",2
"69","D16","experiment_2022","T5_M",2022-04-09 13:02:16,2022-04-09,"13:02:16",448572,7476.2,124.6,5.2,"2022/experiment_2022/D16/T5_M","D16_A_I__00582.JPG",1
"70","D16","experiment_2022","T5_M",2022-04-12 03:25:08,2022-04-12,"03:25:08",224572,3742.9,62.4,2.6,"2022/experiment_2022/D16/T5_M","D16_B_I__01257.JPG",1
"71","D17","experiment_2022","T20_F",2022-03-07 15:38:28,2022-03-07,"15:38:28",0,0,0,0,"2022/experiment_2022/D17/T20_F","D17_B_I__00020.JPG",3
"72","D17","experiment_2022","T20_F",2022-03-08 03:39:05,2022-03-08,"03:39:05",43237,720.6,12,0.5,"2022/experiment_2022/D17/T20_F","D17_A_I__00020.JPG",3
"73","D17","experiment_2022","T20_F",2022-03-14 02:26:58,2022-03-14,"02:26:58",514073,8567.9,142.8,6,"2022/experiment_2022/D17/T20_F","D17_B_I__00051.JPG",1
"74","D17","experiment_2022","T20_F",2022-04-10 10:31:44,2022-04-10,"10:31:44",2361886,39364.8,656.1,27.3,"2022/experiment_2022/D17/T20_F","D17.D17B.D17_B_I__00158.JPG",5
"75","D17","experiment_2022","T36_M",2022-03-07 16:08:40,2022-03-07,"16:08:40",0,0,0,0,"2022/experiment_2022/D17/T36_M","D17_B_I__00023.JPG",4
"76","D17","experiment_2022","T37",2022-03-08 04:42:36,2022-03-08,"04:42:36",0,0,0,0,"2022/experiment_2022/D17/T37","D17_A_I__00034.JPG",2
"77","D18","experiment_2022","T20_F",2022-03-13 03:42:40,2022-03-13,"03:42:40",0,0,0,0,"2022/experiment_2022/D18/T20_F","D18_A_I__00078.JPG",1
"78","D18","experiment_2022","T20_F",2022-04-07 03:33:06,2022-04-07,"03:33:06",2159426,35990.4,599.8,25,"2022/experiment_2022/D18/T20_F","D18_A_I__00121.JPG",1
"79","D18","experiment_2022","T21_F",2022-03-15 17:00:40,2022-03-15,"17:00:40",0,0,0,0,"2022/experiment_2022/D18/T21_F","D18_A_I__00081.JPG",3
"80","D18","experiment_2022","T5_M",2022-03-10 06:31:34,2022-03-10,"06:31:34",0,0,0,0,"2022/experiment_2022/D18/T5_M","D18_A_I__00077.JPG",1
"81","D19","experiment_2022","T1_F",2022-01-28 22:17:35,2022-01-28,"22:17:35",0,0,0,0,"2022/experiment_2022/D19/T1_F","D19_B_I__00168.JPG",1
"82","D19","experiment_2022","T1_F",2022-01-29 01:51:42,2022-01-29,"01:51:42",12847,214.1,3.6,0.1,"2022/experiment_2022/D19/T1_F","D19_B_I__00169.JPG",1
"83","D19","experiment_2022","T1_F",2022-03-21 22:12:46,2022-03-21,"22:12:46",4479664,74661.1,1244.4,51.9,"2022/experiment_2022/D19/T1_F","D19.D19A.D19_A_I__00156.JPG",1
"84","D19","experiment_2022","T1_F",2022-03-22 01:46:28,2022-03-22,"01:46:28",12822,213.7,3.6,0.1,"2022/experiment_2022/D19/T1_F","D19.D19A.D19_A_I__00157.JPG",1
"85","D19","experiment_2022","T20_F",2022-03-22 05:58:28,2022-03-22,"05:58:28",0,0,0,0,"2022/experiment_2022/D19/T20_F","D19.D19A.D19_A_I__00159.JPG",2
"86","D20","experiment_2022","T1_F",2022-04-04 12:32:22,2022-04-04,"12:32:22",0,0,0,0,"2022/experiment_2022/D20/T1_F","D20.D20B.D20_B_I__00275.JPG",2
"87","D21","experiment_2022","T20_F",2022-03-13 01:01:27,2022-03-13,"01:01:27",0,0,0,0,"2022/experiment_2022/D21/T20_F","D21_B_I__00099.JPG",1
"88","D21","experiment_2022","T20_F",2022-04-10 20:21:51,2022-04-10,"20:21:51",2488824,41480.4,691.3,28.8,"2022/experiment_2022/D21/T20_F","D21_B_I__00383.JPG",1
"89","D21","experiment_2022","T20_F",2022-04-10 21:25:54,2022-04-10,"21:25:54",3843,64,1.1,0,"2022/experiment_2022/D21/T20_F","D21_A_I__00440.JPG",1
"90","D22","experiment_2022","T5_M",2022-03-02 03:01:51,2022-03-02,"03:01:51",0,0,0,0,"2022/experiment_2022/D22/T5_M","D22.D22B.D22_B_I__00025.JPG",1
"91","D22","experiment_2022","T5_M",2022-04-09 06:24:18,2022-04-09,"06:24:18",3295347,54922.4,915.4,38.1,"2022/experiment_2022/D22/T5_M","D22.D22A.D22_A_I__04417.JPG",1
"92","D22","experiment_2022","T5_M",2022-04-10 21:49:20,2022-04-10,"21:49:20",141902,2365,39.4,1.6,"2022/experiment_2022/D22/T5_M","D22.D22B.D22_B_I__02823.JPG",1
"93","D23","experiment_2022","T1_F",2022-03-15 19:33:07,2022-03-15,"19:33:07",0,0,0,0,"2022/experiment_2022/D23/T1_F","D23_A_I__00134.JPG",1
"94","D23","experiment_2022","T1_F",2022-04-06 07:56:53,2022-04-06,"07:56:53",1859026,30983.8,516.4,21.5,"2022/experiment_2022/D23/T1_F","D23_A_I__00278.JPG",7
"95","D23","experiment_2022","T1_F",2022-04-06 07:58:12,2022-04-06,"07:58:12",79,1.3,0,0,"2022/experiment_2022/D23/T1_F","D23_B_I__00165.JPG",1
"96","D23","experiment_2022","T1_F",2022-04-07 00:56:26,2022-04-07,"00:56:26",61094,1018.2,17,0.7,"2022/experiment_2022/D23/T1_F","D23_A_I__00285.JPG",2
"97","D4","experiment_2022","T5_M",2022-03-04 22:24:36,2022-03-04,"22:24:36",0,0,0,0,"2022/experiment_2022/D4/T5_M","D4.D4B.D4_B_I__00033.JPG",1
"98","D5","experiment_2022","T1_F",2022-03-27 00:46:34,2022-03-27,"00:46:34",0,0,0,0,"2022/experiment_2022/D5/T1_F","D5_A_I__01534.JPG",1
"99","D5","experiment_2022","T1_F",2022-03-27 00:48:19,2022-03-27,"00:48:19",105,1.8,0,0,"2022/experiment_2022/D5/T1_F","D5_B_I__00306.JPG",1
"100","D5","experiment_2022","T1_F",2022-04-10 04:07:56,2022-04-10,"04:07:56",1221577,20359.6,339.3,14.1,"2022/experiment_2022/D5/T1_F","D5_A_I__02326.JPG",1
"101","D5","experiment_2022","T1_F",2022-04-10 04:11:28,2022-04-10,"04:11:28",212,3.5,0.1,0,"2022/experiment_2022/D5/T1_F","D5_B_I__00498.JPG",1
"102","D5","experiment_2022","T1_F",2022-04-10 05:18:52,2022-04-10,"05:18:52",4044,67.4,1.1,0,"2022/experiment_2022/D5/T1_F","D5_A_I__02327.JPG",2
"103","D5","experiment_2022","T1_F",2022-04-10 05:22:33,2022-04-10,"05:22:33",221,3.7,0.1,0,"2022/experiment_2022/D5/T1_F","D5_B_I__00499.JPG",1
"104","D5","experiment_2022","T5_M",2022-03-22 07:13:39,2022-03-22,"07:13:39",0,0,0,0,"2022/experiment_2022/D5/T5_M","D5.D5A.D5_A_I__01133.JPG",2
"105","D5","experiment_2022","T5_M",2022-04-08 03:47:39,2022-04-08,"03:47:39",1456440,24274,404.6,16.9,"2022/experiment_2022/D5/T5_M","D5_A_I__02268.JPG",1
"106","D5","experiment_2022","T5_M",2022-04-08 03:51:06,2022-04-08,"03:51:06",207,3.5,0.1,0,"2022/experiment_2022/D5/T5_M","D5_B_I__00486.JPG",1
"107","D6","experiment_2022","T1_F",2022-03-05 19:23:28,2022-03-05,"19:23:28",0,0,0,0,"2022/experiment_2022/D6/T1_F","D6_A_I__00080.JPG",2
"108","D6","experiment_2022","T1_F",2022-04-09 20:05:09,2022-04-09,"20:05:09",3026501,50441.7,840.7,35,"2022/experiment_2022/D6/T1_F","D6.D6B.D6_B_I__00140.JPG",1
"109","D7","experiment_2022","T1_F",2022-03-20 17:26:56,2022-03-20,"17:26:56",0,0,0,0,"2022/experiment_2022/D7/T1_F","D7.D7A.D7_A_I__00273.JPG",3
"110","J10","experiment_2022","T17_F",2022-03-18 08:07:35,2022-03-18,"08:07:35",0,0,0,0,"2022/experiment_2022/J10/T17_F","J10.J10B.J10_B_I__00032.JPG",11
"111","J10","experiment_2022","T17_F",2022-03-18 08:08:37,2022-03-18,"08:08:37",62,1,0,0,"2022/experiment_2022/J10/T17_F","J10.J10B.J10_B_I__00044.JPG",7
"112","J10","experiment_2022","T17_F",2022-03-18 08:10:27,2022-03-18,"08:10:27",110,1.8,0,0,"2022/experiment_2022/J10/T17_F","J10.J10B.J10_B_I__00049.JPG",2
"113","J10","experiment_2022","T17_F",2022-04-29 14:12:45,2022-04-29,"14:12:45",3650538,60842.3,1014,42.2,"2022/experiment_2022/J10/T17_F","J10.J10B.J10_B_I__00864.JPG",2
"114","J13","experiment_2022","T21_F",2022-04-09 07:11:16,2022-04-09,"07:11:16",0,0,0,0,"2022/experiment_2022/J13/T21_F","J13.J13A.J13_A_I__00215.JPG",7
"115","J15","experiment_2022","T13_F",2022-04-23 17:46:07,2022-04-23,"17:46:07",0,0,0,0,"2022/experiment_2022/J15/T13_F","J15.J15B.J15_B_I__00900.JPG",5
"116","J15","experiment_2022","T13_F",2022-05-02 22:51:46,2022-05-02,"22:51:46",795939,13265.6,221.1,9.2,"2022/experiment_2022/J15/T13_F","J15.J15B.J15_B_I__00949.JPG",1
"117","J15","experiment_2022","T21_F",2022-03-24 07:54:39,2022-03-24,"07:54:39",0,0,0,0,"2022/experiment_2022/J15/T21_F","J15.J15B.J15_B_I__00432.JPG",21
"118","J15","experiment_2022","T21_F",2022-03-24 07:55:40,2022-03-24,"07:55:40",61,1,0,0,"2022/experiment_2022/J15/T21_F","J15.J15A.J15_A_I__00603.JPG",15
"119","J15","experiment_2022","T21_F",2022-03-24 07:56:40,2022-03-24,"07:56:40",60,1,0,0,"2022/experiment_2022/J15/T21_F","J15.J15B.J15_B_I__00438.JPG",4
"120","J15","experiment_2022","T5_M",2022-03-09 14:39:24,2022-03-09,"14:39:24",0,0,0,0,"2022/experiment_2022/J15/T5_M","J15.J15A.J15_A_I__00047.JPG",6
"121","J15","experiment_2022","T8_M",2022-03-10 00:36:01,2022-03-10,"00:36:01",0,0,0,0,"2022/experiment_2022/J15/T8_M","J15.J15A.J15_A_I__00052.JPG",2
"122","J15","experiment_2022","T8_M",2022-04-06 01:34:07,2022-04-06,"01:34:07",2336286,38938.1,649,27,"2022/experiment_2022/J15/T8_M","J15.J15B.J15_B_I__00722.JPG",1
"123","J15","experiment_2022","T8_M",2022-05-03 02:53:55,2022-05-03,"02:53:55",2337588,38959.8,649.3,27.1,"2022/experiment_2022/J15/T8_M","J15.J15B.J15_B_I__00950.JPG",1
"124","J16","experiment_2022","T21_F",2022-05-02 09:07:35,2022-05-02,"09:07:35",0,0,0,0,"2022/experiment_2022/J16/T21_F","J16_A_I__00255.JPG",14
"125","J16","experiment_2022","T21_F",2022-05-02 09:08:37,2022-05-02,"09:08:37",62,1,0,0,"2022/experiment_2022/J16/T21_F","J16_B_I__00384.JPG",1
"126","J16","experiment_2022","T21_F",2022-05-02 23:07:15,2022-05-02,"23:07:15",50318,838.6,14,0.6,"2022/experiment_2022/J16/T21_F","J16_A_I__00261.JPG",1
"127","J16","experiment_2022","T8_M",2022-03-12 06:22:59,2022-03-12,"06:22:59",0,0,0,0,"2022/experiment_2022/J16/T8_M","J16_A_I__00017.JPG",4
"128","J16","experiment_2022","T8_M",2022-05-03 01:56:44,2022-05-03,"01:56:44",4476825,74613.8,1243.6,51.8,"2022/experiment_2022/J16/T8_M","J16_A_I__00262.JPG",1
"129","J17","experiment_2022","T14_F",2022-03-14 16:11:31,2022-03-14,"16:11:31",0,0,0,0,"2022/experiment_2022/J17/T14_F","J17_A_I__00022.JPG",3
"130","J17","experiment_2022","T21_F",2022-04-15 09:17:52,2022-04-15,"09:17:52",0,0,0,0,"2022/experiment_2022/J17/T21_F","J17.J17A.J17_A_I__00288.JPG",3
"131","J17","experiment_2022","T8_M",2022-03-10 09:02:38,2022-03-10,"09:02:38",0,0,0,0,"2022/experiment_2022/J17/T8_M","J17_A_I__00018.JPG",3
"132","J17","experiment_2022","T8_M",2022-04-06 18:48:32,2022-04-06,"18:48:32",2367954,39465.9,657.8,27.4,"2022/experiment_2022/J17/T8_M","J17_A_I__00273.JPG",3
"133","J17","experiment_2022","T8_M",2022-05-09 20:08:21,2022-05-09,"20:08:21",2855989,47599.8,793.3,33.1,"2022/experiment_2022/J17/T8_M","J17.J17A.J17_A_I__00379.JPG",1
"134","J2","experiment_2022","T22_F",2022-03-28 21:11:20,2022-03-28,"21:11:20",0,0,0,0,"2022/experiment_2022/J2/T22_F","J2_A_I__00055.JPG",1
"135","J20","experiment_2022","T15_M",2022-03-14 02:58:05,2022-03-14,"02:58:05",0,0,0,0,"2022/experiment_2022/J20/T15_M","J20_A_I__00012.JPG",1
"136","J20","experiment_2022","T15_M",2022-03-14 03:54:22,2022-03-14,"03:54:22",3377,56.3,0.9,0,"2022/experiment_2022/J20/T15_M","J20_B_I__00026.JPG",1
"137","J20","experiment_2022","T16_F",2022-03-16 23:24:58,2022-03-16,"23:24:58",0,0,0,0,"2022/experiment_2022/J20/T16_F","J20_A_I__00013.JPG",1
"138","J20","experiment_2022","T16_F",2022-03-17 00:21:22,2022-03-17,"00:21:22",3384,56.4,0.9,0,"2022/experiment_2022/J20/T16_F","J20_B_I__00027.JPG",1
"139","J20","experiment_2022","T16_F",2022-04-10 08:07:49,2022-04-10,"08:07:49",2101587,35026.4,583.8,24.3,"2022/experiment_2022/J20/T16_F","J20.J20A.J20_A_I__00049.JPG",6
"140","J20","experiment_2022","T18_M",2022-03-17 18:53:55,2022-03-17,"18:53:55",0,0,0,0,"2022/experiment_2022/J20/T18_M","J20_A_I__00014.JPG",1
"141","J20","experiment_2022","T18_M",2022-03-17 19:50:18,2022-03-17,"19:50:18",3383,56.4,0.9,0,"2022/experiment_2022/J20/T18_M","J20_B_I__00028.JPG",1
"142","J21","experiment_2022","T16_F",2022-03-25 19:16:47,2022-03-25,"19:16:47",0,0,0,0,"2022/experiment_2022/J21/T16_F","J21.J21A.J21_A_I__00755.JPG",2
"143","J21","experiment_2022","T16_F",2022-03-31 03:00:42,2022-03-31,"03:00:42",459835,7663.9,127.7,5.3,"2022/experiment_2022/J21/T16_F","J21.J21B.J21_B_I__01676.JPG",1
"144","J21","experiment_2022","T16_F",2022-04-13 18:44:26,2022-04-13,"18:44:26",1179824,19663.7,327.7,13.7,"2022/experiment_2022/J21/T16_F","J21_B_I__01867.JPG",1
"145","J25","experiment_2022","T16_F",2022-03-30 20:10:38,2022-03-30,"20:10:38",0,0,0,0,"2022/experiment_2022/J25/T16_F","J25.J25B.J25_B_I__00287.JPG",1
"146","J25","experiment_2022","T16_F",2022-04-15 21:06:26,2022-04-15,"21:06:26",1385748,23095.8,384.9,16,"2022/experiment_2022/J25/T16_F","J25.J25B.J25_B_I__00882.JPG",1
"147","J25","experiment_2022","T23_F",2022-03-25 22:19:32,2022-03-25,"22:19:32",0,0,0,0,"2022/experiment_2022/J25/T23_F","J25_B_I__00200.JPG",1
"148","J27","experiment_2022","T15_M",2022-03-15 07:51:40,2022-03-15,"07:51:40",0,0,0,0,"2022/experiment_2022/J27/T15_M","J27_A_I__00011.JPG",4
"149","J27","experiment_2022","T16_F",2022-03-23 23:04:46,2022-03-23,"23:04:46",0,0,0,0,"2022/experiment_2022/J27/T16_F","J27_A_I__00022.JPG",1
"150","J27","experiment_2022","T16_F",2022-03-23 23:05:58,2022-03-23,"23:05:58",72,1.2,0,0,"2022/experiment_2022/J27/T16_F","J27_A_I__00023.JPG",1
"151","J27","experiment_2022","T23_F",2022-04-18 08:21:18,2022-04-18,"08:21:18",0,0,0,0,"2022/experiment_2022/J27/T23_F","J27_B_I__00884.JPG",2
"152","J28","experiment_2022","T10_M",2022-03-11 20:29:00,2022-03-11,"20:29:00",0,0,0,0,"2022/experiment_2022/J28/T10_M","J28_B_I__00031.JPG",1
"153","J28","experiment_2022","T10_M",2022-03-13 09:02:32,2022-03-13,"09:02:32",131612,2193.5,36.6,1.5,"2022/experiment_2022/J28/T10_M","J28_B_I__00035.JPG",3
"154","J28","experiment_2022","T13_F",2022-03-11 20:29:00,2022-03-11,"20:29:00",0,0,0,0,"2022/experiment_2022/J28/T13_F","J28_B_I__00031.JPG",1
"155","J28","experiment_2022","T13_F",2022-04-01 12:30:28,2022-04-01,"12:30:28",1785688,29761.5,496,20.7,"2022/experiment_2022/J28/T13_F","J28_B_I__00059.JPG",3
"156","J28","experiment_2022","T13_F",2022-04-15 19:17:50,2022-04-15,"19:17:50",1234042,20567.4,342.8,14.3,"2022/experiment_2022/J28/T13_F","J28_A_I__00046.JPG",2
"157","J28","experiment_2022","T8_M",2022-03-11 10:04:28,2022-03-11,"10:04:28",0,0,0,0,"2022/experiment_2022/J28/T8_M","J28_B_I__00026.JPG",3
"158","J28","experiment_2022","T8_M",2022-03-23 22:30:44,2022-03-23,"22:30:44",1081576,18026.3,300.4,12.5,"2022/experiment_2022/J28/T8_M","J28_B_I__00057.JPG",1
"159","J28","experiment_2022","T8_M",2022-04-10 04:43:54,2022-04-10,"04:43:54",1491190,24853.2,414.2,17.3,"2022/experiment_2022/J28/T8_M","J28_A_I__00045.JPG",2
"160","J29","experiment_2022","T13_F",2022-03-13 09:50:50,2022-03-13,"09:50:50",0,0,0,0,"2022/experiment_2022/J29/T13_F","J29_B_I__00961.JPG",6
"161","J29","experiment_2022","T13_F",2022-03-13 09:52:06,2022-03-13,"09:52:06",76,1.3,0,0,"2022/experiment_2022/J29/T13_F","J29_A_I__00271.JPG",12
"162","J29","experiment_2022","T13_F",2022-04-01 00:38:16,2022-04-01,"00:38:16",1608370,26806.2,446.8,18.6,"2022/experiment_2022/J29/T13_F","J29_B_I__00988.JPG",1
"163","J29","experiment_2022","T13_F",2022-04-01 00:39:22,2022-04-01,"00:39:22",66,1.1,0,0,"2022/experiment_2022/J29/T13_F","J29_A_I__00317.JPG",1
"164","J29","experiment_2022","T13_F",2022-04-15 19:58:00,2022-04-15,"19:58:00",1279118,21318.6,355.3,14.8,"2022/experiment_2022/J29/T13_F","J29.J29B.J29_B_I__01004.JPG",2
"165","J29","experiment_2022","T8_M",2022-03-23 22:52:58,2022-03-23,"22:52:58",0,0,0,0,"2022/experiment_2022/J29/T8_M","J29_B_I__00987.JPG",1
"166","J29","experiment_2022","T8_M",2022-03-23 22:54:04,2022-03-23,"22:54:04",66,1.1,0,0,"2022/experiment_2022/J29/T8_M","J29_A_I__00314.JPG",1
"167","J30","experiment_2022","T15_M",2022-03-24 23:31:22,2022-03-24,"23:31:22",0,0,0,0,"2022/experiment_2022/J30/T15_M","J30.J30A.J30_A_I__00840.JPG",2
"168","J30","experiment_2022","T16_F",2022-04-09 21:10:06,2022-04-09,"21:10:06",0,0,0,0,"2022/experiment_2022/J30/T16_F","J30_A_I__01238.JPG",2
"169","J31","experiment_2022","T16_F",2022-04-03 07:34:08,2022-04-03,"07:34:08",0,0,0,0,"2022/experiment_2022/J31/T16_F","J31.J31B.J31_B_I__00330.JPG",1
"170","J31","experiment_2022","T16_F",2022-04-03 19:32:44,2022-04-03,"19:32:44",43116,718.6,12,0.5,"2022/experiment_2022/J31/T16_F","J31_A_I__00267.JPG",2
"171","J32","experiment_2022","T16_F",2022-04-19 08:19:46,2022-04-19,"08:19:46",0,0,0,0,"2022/experiment_2022/J32/T16_F","J32.J32B.J32_B_I__00841.JPG",5
"172","J33","experiment_2022","T13_F",2022-03-27 03:04:14,2022-03-27,"03:04:14",0,0,0,0,"2022/experiment_2022/J33/T13_F","J33.J33B.J33_B_I__00577.JPG",1
"173","J33","experiment_2022","T8_M",2022-03-10 20:10:42,2022-03-10,"20:10:42",0,0,0,0,"2022/experiment_2022/J33/T8_M","J33_A_I__00026.JPG",1
"174","J35","experiment_2022","T16_F",2022-03-23 22:59:30,2022-03-23,"22:59:30",0,0,0,0,"2022/experiment_2022/J35/T16_F","J35.J35B.J35_B_I__00087.JPG",2
"175","J35","experiment_2022","T23_F",2022-04-14 00:43:04,2022-04-14,"00:43:04",0,0,0,0,"2022/experiment_2022/J35/T23_F","J35_B_I__00202.JPG",2
"176","J36","experiment_2022","T15_M",2022-03-15 07:16:06,2022-03-15,"07:16:06",0,0,0,0,"2022/experiment_2022/J36/T15_M","J36_B_I__00030.JPG",2
"177","J37","experiment_2022","T15_M",2022-03-15 08:02:02,2022-03-15,"08:02:02",0,0,0,0,"2022/experiment_2022/J37/T15_M","J37_A_I__00021.JPG",3
"178","J38","experiment_2022","T15_M",2022-03-18 21:26:10,2022-03-18,"21:26:10",0,0,0,0,"2022/experiment_2022/J38/T15_M","J38_A_I__00026.JPG",1
"179","J38","experiment_2022","T15_M",2022-03-27 22:33:02,2022-03-27,"22:33:02",781612,13026.9,217.1,9,"2022/experiment_2022/J38/T15_M","J38_A_I__00044.JPG",1
"180","J38","experiment_2022","T15_M",2022-03-31 20:19:34,2022-03-31,"20:19:34",337592,5626.5,93.8,3.9,"2022/experiment_2022/J38/T15_M","J38_A_I__00053.JPG",1
"181","J38","experiment_2022","T15_M",2022-04-14 05:24:48,2022-04-14,"05:24:48",1155914,19265.2,321.1,13.4,"2022/experiment_2022/J38/T15_M","J38.J38A.J38_A_I__00091.JPG",1
"182","J38","experiment_2022","T16_F",2022-04-12 16:00:12,2022-04-12,"16:00:12",0,0,0,0,"2022/experiment_2022/J38/T16_F","J38_A_I__00081.JPG",2
"183","J38","experiment_2022","T18_M",2022-03-17 20:25:58,2022-03-17,"20:25:58",0,0,0,0,"2022/experiment_2022/J38/T18_M","J38_A_I__00025.JPG",1
"184","J38","experiment_2022","T18_M",2022-03-27 07:37:46,2022-03-27,"07:37:46",817908,13631.8,227.2,9.5,"2022/experiment_2022/J38/T18_M","J38_A_I__00039.JPG",4
"185","J38","experiment_2022","T18_M",2022-04-06 12:24:34,2022-04-06,"12:24:34",881208,14686.8,244.8,10.2,"2022/experiment_2022/J38/T18_M","J38.J38A.J38_A_I__00066.JPG",4
"186","J38","experiment_2022","T18_M",2022-04-13 07:12:06,2022-04-13,"07:12:06",586052,9767.5,162.8,6.8,"2022/experiment_2022/J38/T18_M","J38_A_I__00084.JPG",4
"187","J38","experiment_2022","T22_F",2022-04-02 14:58:44,2022-04-02,"14:58:44",0,0,0,0,"2022/experiment_2022/J38/T22_F","J38_A_I__00055 (1).JPG",3
"188","J39","experiment_2022","T15_M",2022-03-25 00:50:16,2022-03-25,"00:50:16",0,0,0,0,"2022/experiment_2022/J39/T15_M","J39_A_I__00564.JPG",2
"189","J39","experiment_2022","T16_F",2022-03-17 20:25:24,2022-03-17,"20:25:24",0,0,0,0,"2022/experiment_2022/J39/T16_F","J39_A_I__00391.JPG",2
"190","J39","experiment_2022","T16_F",2022-03-30 22:42:36,2022-03-30,"22:42:36",1131432,18857.2,314.3,13.1,"2022/experiment_2022/J39/T16_F","J39_A_I__00644.JPG",2
"191","J40","experiment_2022","T16_F",2022-03-24 00:42:42,2022-03-24,"00:42:42",0,0,0,0,"2022/experiment_2022/J40/T16_F","J40.J40B.J40_B_I__00799.JPG",2
"192","J40","experiment_2022","T23_F",2022-01-06 04:34:16,2022-01-06,"04:34:16",0,0,0,0,"2022/experiment_2022/J40/T23_F","J40_A_I__00996.JPG",1
"193","J40","experiment_2022","T23_F",2022-01-14 05:30:54,2022-01-14,"05:30:54",694598,11576.6,192.9,8,"2022/experiment_2022/J40/T23_F","J40_A_I__01044.JPG",1
"194","J40","experiment_2022","T23_F",2022-04-06 04:33:16,2022-04-06,"04:33:16",7081342,118022.4,1967,82,"2022/experiment_2022/J40/T23_F","J40_B_I__01049.JPG",1
"195","J40","experiment_2022","T23_F",2022-04-14 05:29:42,2022-04-14,"05:29:42",694586,11576.4,192.9,8,"2022/experiment_2022/J40/T23_F","J40_B_I__01108.JPG",1
"196","J41","experiment_2022","T23_F",2022-05-14 06:47:18,2022-05-14,"06:47:18",0,0,0,0,"2022/experiment_2022/J41/T23_F","J41_A_I__00136.JPG",2
"197","J42","experiment_2022","T15_M",2022-05-03 02:34:26,2022-05-03,"02:34:26",0,0,0,0,"2022/experiment_2022/J42/T15_M","J42_A_I__00095.JPG",2
"198","J42","experiment_2022","T23_F",2022-04-25 02:54:04,2022-04-25,"02:54:04",0,0,0,0,"2022/experiment_2022/J42/T23_F","J42_A_I__00046.JPG",2
"199","J42","experiment_2022","T23_F",2022-05-11 23:43:48,2022-05-11,"23:43:48",1457384,24289.7,404.8,16.9,"2022/experiment_2022/J42/T23_F","J42_A_I__00172.JPG",2
"200","J43","experiment_2022","T15_M",2022-05-03 02:02:40,2022-05-03,"02:02:40",0,0,0,0,"2022/experiment_2022/J43/T15_M","J43_A_I__00126.JPG",1
"201","J43","experiment_2022","T23_F",2022-04-25 03:19:12,2022-04-25,"03:19:12",0,0,0,0,"2022/experiment_2022/J43/T23_F","J43_A_I__00066.JPG",1
"202","J44","experiment_2022","T15_M",2022-04-25 05:49:42,2022-04-25,"05:49:42",0,0,0,0,"2022/experiment_2022/J44/T15_M","J44_B_I__00067.JPG",7
"203","J44","experiment_2022","T15_M",2022-05-19 20:16:30,2022-05-19,"20:16:30",2125608,35426.8,590.4,24.6,"2022/experiment_2022/J44/T15_M","J44_B_I__00327.JPG",2
"204","J44","experiment_2022","T23_F",2022-04-25 03:58:22,2022-04-25,"03:58:22",0,0,0,0,"2022/experiment_2022/J44/T23_F","J44_B_I__00064.JPG",2
"205","J44","experiment_2022","T23_F",2022-05-15 03:50:34,2022-05-15,"03:50:34",1727532,28792.2,479.9,20,"2022/experiment_2022/J44/T23_F","J44_B_I__00289.JPG",2
"206","J45","experiment_2022","T35",2022-04-28 15:48:43,2022-04-28,"15:48:43",0,0,0,0,"2022/experiment_2022/J45/T35","J45_A_I__00930.JPG",1
"207","J45","experiment_2022","T9_M",2022-04-21 20:27:00,2022-04-21,"20:27:00",0,0,0,0,"2022/experiment_2022/J45/T9_M","J45_B_I__00012.JPG",1
"208","J48","experiment_2022","T11_F",2022-04-24 08:45:33,2022-04-24,"08:45:33",0,0,0,0,"2022/experiment_2022/J48/T11_F","J48_A_I__00048.JPG",17
"209","J48","experiment_2022","T11_F",2022-04-24 08:49:18,2022-04-24,"08:49:18",225,3.8,0.1,0,"2022/experiment_2022/J48/T11_F","J48_B_I__00013.JPG",13
"210","J48","experiment_2022","T15_M",2022-05-11 05:48:38,2022-05-11,"05:48:38",0,0,0,0,"2022/experiment_2022/J48/T15_M","J48_B_I__00068.JPG",2
"211","J48","experiment_2022","T15_M",2022-05-19 19:01:52,2022-05-19,"19:01:52",738794,12313.2,205.2,8.5,"2022/experiment_2022/J48/T15_M","J48_B_I__00084.JPG",1
"212","J48","experiment_2022","T23_F",2022-05-14 22:00:34,2022-05-14,"22:00:34",0,0,0,0,"2022/experiment_2022/J48/T23_F","J48_B_I__00073.JPG",1
"213","J49","experiment_2022","T11_F",2022-05-03 18:31:06,2022-05-03,"18:31:06",0,0,0,0,"2022/experiment_2022/J49/T11_F","J49_B_I__00015.JPG",1
"214","J49","experiment_2022","T11_F",2022-05-03 18:33:06,2022-05-03,"18:33:06",120,2,0,0,"2022/experiment_2022/J49/T11_F","J49_A_I__00025.JPG",2
"215","J5","experiment_2022","T18_M",2022-03-22 01:28:37,2022-03-22,"01:28:37",0,0,0,0,"2022/experiment_2022/J5/T18_M","J5_A_I__00101.JPG",1
"216","J5","experiment_2022","T18_M",2022-03-26 19:06:01,2022-03-26,"19:06:01",409044,6817.4,113.6,4.7,"2022/experiment_2022/J5/T18_M","J5_A_I__00109.JPG",1
"217","J5","experiment_2022","T18_M",2022-03-30 06:03:38,2022-03-30,"06:03:38",298657,4977.6,83,3.5,"2022/experiment_2022/J5/T18_M","J5_A_I__00112.JPG",1
"218","J5","experiment_2022","T18_M",2022-04-05 23:32:48,2022-04-05,"23:32:48",581350,9689.2,161.5,6.7,"2022/experiment_2022/J5/T18_M","J5_A_I__00143.JPG",1
"219","J5","experiment_2022","T18_M",2022-04-13 17:18:21,2022-04-13,"17:18:21",668733,11145.5,185.8,7.7,"2022/experiment_2022/J5/T18_M","J5_A_I__00260.JPG",1
"220","J5","experiment_2022","T18_M",2022-04-13 17:20:33,2022-04-13,"17:20:33",132,2.2,0,0,"2022/experiment_2022/J5/T18_M","J5_B_I__00199.JPG",1
"221","J5","experiment_2022","T22_F",2022-03-19 06:23:14,2022-03-19,"06:23:14",0,0,0,0,"2022/experiment_2022/J5/T22_F","J5_A_I__00087.JPG",2
"222","J5","experiment_2022","T22_F",2022-03-25 02:12:26,2022-03-25,"02:12:26",503352,8389.2,139.8,5.8,"2022/experiment_2022/J5/T22_F","J5_A_I__00107.JPG",1
"223","J5","experiment_2022","T22_F",2022-04-10 08:21:37,2022-04-10,"08:21:37",1404551,23409.2,390.2,16.3,"2022/experiment_2022/J5/T22_F","J5_A_I__00192.JPG",3
"224","J5","experiment_2022","T22_F",2022-04-10 08:23:40,2022-04-10,"08:23:40",123,2,0,0,"2022/experiment_2022/J5/T22_F","J5_B_I__00161.JPG",2
"225","J5","experiment_2022","T22_F",2022-04-13 17:18:27,2022-04-13,"17:18:27",291287,4854.8,80.9,3.4,"2022/experiment_2022/J5/T22_F","J5_B_I__00195.JPG",4
"226","J50","experiment_2022","T11_F",2022-04-30 11:59:32,2022-04-30,"11:59:32",0,0,0,0,"2022/experiment_2022/J50/T11_F","J50_B_I__00069.JPG",9
"227","J50","experiment_2022","T14_F",2022-04-22 20:01:56,2022-04-22,"20:01:56",0,0,0,0,"2022/experiment_2022/J50/T14_F","J50_B_I__00026.JPG",2
"228","J52","experiment_2022","T11_F",2022-04-23 20:56:53,2022-04-23,"20:56:53",0,0,0,0,"2022/experiment_2022/J52/T11_F","J52_A_I__00008.JPG",2
"229","J52","experiment_2022","T11_F",2022-05-03 17:33:53,2022-05-03,"17:33:53",851820,14197,236.6,9.9,"2022/experiment_2022/J52/T11_F","J52_A_I__00025.JPG",6
"230","J52","experiment_2022","T11_F",2022-05-03 17:35:14,2022-05-03,"17:35:14",81,1.4,0,0,"2022/experiment_2022/J52/T11_F","J52_B_I__00028.JPG",1
"231","J52","experiment_2022","T11_F",2022-05-20 09:00:11,2022-05-20,"09:00:11",1437897,23965,399.4,16.6,"2022/experiment_2022/J52/T11_F","J52_A_I__00112.JPG",4
"232","J52","experiment_2022","T8_M",2022-04-26 04:27:05,2022-04-26,"04:27:05",0,0,0,0,"2022/experiment_2022/J52/T8_M","J52_A_I__00012.JPG",2
"233","J55","experiment_2022","T11_F",2022-04-23 08:49:50,2022-04-23,"08:49:50",0,0,0,0,"2022/experiment_2022/J55/T11_F","J55_B_I__00009.JPG",4
"234","J55","experiment_2022","T8_M",2022-04-26 05:16:06,2022-04-26,"05:16:06",0,0,0,0,"2022/experiment_2022/J55/T8_M","J55_B_I__00029.JPG",2
"235","J56","experiment_2022","T24_F",2022-05-05 23:02:58,2022-05-05,"23:02:58",0,0,0,0,"2022/experiment_2022/J56/T24_F","J56_A_I__00035.JPG",2
"236","J57","experiment_2022","T11_F",2022-05-20 19:40:52,2022-05-20,"19:40:52",0,0,0,0,"2022/experiment_2022/J57/T11_F","J57_A_I__00060.JPG",1
"237","J57","experiment_2022","T8_M",2022-05-25 01:37:20,2022-05-25,"01:37:20",0,0,0,0,"2022/experiment_2022/J57/T8_M","J57_A_I__00071.JPG",1
"238","J58","experiment_2022","T11_F",2022-04-28 05:52:42,2022-04-28,"05:52:42",0,0,0,0,"2022/experiment_2022/J58/T11_F","J58_A_I__00033.JPG",4
"239","J58","experiment_2022","T11_F",2022-05-09 05:56:56,2022-05-09,"05:56:56",950654,15844.2,264.1,11,"2022/experiment_2022/J58/T11_F","J58_A_I__00039.JPG",4
"240","J58","experiment_2022","T8_M",2022-05-25 04:35:08,2022-05-25,"04:35:08",0,0,0,0,"2022/experiment_2022/J58/T8_M","J58_A_I__00042.JPG",2
"241","J59","experiment_2022","T11_F",2022-04-28 00:51:26,2022-04-28,"00:51:26",0,0,0,0,"2022/experiment_2022/J59/T11_F","J59_B_I__00214.JPG",1
"242","J59","experiment_2022","T11_F",2022-05-14 17:11:48,2022-05-14,"17:11:48",1441222,24020.4,400.3,16.7,"2022/experiment_2022/J59/T11_F","J59_A_I__00350.JPG",12
"243","J59","experiment_2022","T11_F",2022-05-15 08:09:10,2022-05-15,"08:09:10",53842,897.4,15,0.6,"2022/experiment_2022/J59/T11_F","J59_A_I__00355.JPG",5
"244","J59","experiment_2022","T11_F",2022-05-22 05:50:29,2022-05-22,"05:50:29",596479,9941.3,165.7,6.9,"2022/experiment_2022/J59/T11_F","J59_A_I__00388.JPG",1
"245","J6","experiment_2022","T18_M",2022-03-22 03:20:37,2022-03-22,"03:20:37",0,0,0,0,"2022/experiment_2022/J6/T18_M","J6_A_I__00044.JPG",2
"246","J60","experiment_2022","T7_F",2022-04-23 02:28:08,2022-04-23,"02:28:08",0,0,0,0,"2022/experiment_2022/J60/T7_F","J60_A_I__00008.JPG",1
"247","J60","experiment_2022","T8_M",2022-05-25 01:55:32,2022-05-25,"01:55:32",0,0,0,0,"2022/experiment_2022/J60/T8_M","J60_A_I__00021.JPG",1
"248","J63","experiment_2022","T24_F",2022-04-30 20:46:58,2022-04-30,"20:46:58",0,0,0,0,"2022/experiment_2022/J63/T24_F","J63_A_I__0022.JPG",1
"249","J63","experiment_2022","T24_F",2022-05-14 19:17:34,2022-05-14,"19:17:34",1204236,20070.6,334.5,13.9,"2022/experiment_2022/J63/T24_F","J63_A_I__0053.JPG",1
"250","J7","experiment_2022","T18_M",2022-03-22 16:50:33,2022-03-22,"16:50:33",0,0,0,0,"2022/experiment_2022/J7/T18_M","J7_A_I__00122.JPG",1
"251","J7","experiment_2022","T18_M",2022-03-22 17:51:55,2022-03-22,"17:51:55",3682,61.4,1,0,"2022/experiment_2022/J7/T18_M","J7_B_I__00018.JPG",3
"252","J7","experiment_2022","T22_F",2022-03-26 18:52:05,2022-03-26,"18:52:05",0,0,0,0,"2022/experiment_2022/J7/T22_F","J7_A_I__00127.JPG",1
"253","J7","experiment_2022","T22_F",2022-03-30 19:26:07,2022-03-30,"19:26:07",347642,5794,96.6,4,"2022/experiment_2022/J7/T22_F","J7_B_I__00023.JPG",2
"254","J9","experiment_2022","T14_F",2022-03-14 15:28:40,2022-03-14,"15:28:40",0,0,0,0,"2022/experiment_2022/J9/T14_F","J9_A_I__00030.JPG",4
"255","J9","experiment_2022","T17_F",2022-03-18 01:18:16,2022-03-18,"01:18:16",0,0,0,0,"2022/experiment_2022/J9/T17_F","J9_A_I__00034.JPG",2
"256","J9","experiment_2022","T17_F",2022-04-29 19:09:54,2022-04-29,"19:09:54",3693098,61551.6,1025.9,42.7,"2022/experiment_2022/J9/T17_F","J9_A_I__00066.JPG",2
"257","J9","experiment_2022","T17_F",2022-04-29 19:10:54,2022-04-29,"19:10:54",60,1,0,0,"2022/experiment_2022/J9/T17_F","J9_B_I__00090.JPG",1
"258","J9","experiment_2022","T5_M",2022-04-08 22:49:44,2022-04-08,"22:49:44",0,0,0,0,"2022/experiment_2022/J9/T5_M","J9_A_I__00056.JPG",2
"259","J9","experiment_2022","T5_M",2022-04-16 21:11:16,2022-04-16,"21:11:16",685292,11421.5,190.4,7.9,"2022/experiment_2022/J9/T5_M","J9_A_I__00058.JPG",2
"260","J9","experiment_2022","T8_M",2022-03-10 10:50:32,2022-03-10,"10:50:32",0,0,0,0,"2022/experiment_2022/J9/T8_M","J9_A_I__00018.JPG",5
"261","J9","experiment_2022","T8_M",2022-04-06 20:33:16,2022-04-06,"20:33:16",2367764,39462.7,657.7,27.4,"2022/experiment_2022/J9/T8_M","J9_A_I__00055.JPG",2
"262","J9","experiment_2022","T8_M",2022-05-09 06:49:19,2022-05-09,"06:49:19",2801763,46696.1,778.3,32.4,"2022/experiment_2022/J9/T8_M","J9_A_I__00111.JPG",2
"263","J9","experiment_2022","T8_M",2022-05-09 06:50:22,2022-05-09,"06:50:22",63,1,0,0,"2022/experiment_2022/J9/T8_M","J9_B_I__00151.JPG",2
"264","N10","experiment_2022","T3_M",2022-03-12 23:04:25,2022-03-12,"23:04:25",0,0,0,0,"2022/experiment_2022/N10/T3_M","N10_B_I__00091.JPG",1
"265","N10","experiment_2022","T3_M",2022-04-08 18:29:34,2022-04-08,"18:29:34",2316309,38605.2,643.4,26.8,"2022/experiment_2022/N10/T3_M","N10_A_I__00094.JPG",2
"266","N11","experiment_2022","T14_F",2022-03-13 23:14:42,2022-03-13,"23:14:42",0,0,0,0,"2022/experiment_2022/N11/T14_F","N11_A_I__00202.JPG",1
"267","N11","experiment_2022","T14_F",2022-03-13 23:15:56,2022-03-13,"23:15:56",74,1.2,0,0,"2022/experiment_2022/N11/T14_F","N11_B_I__00193.JPG",1
"268","N11","experiment_2022","T2_F",2022-03-25 23:28:35,2022-03-25,"23:28:35",0,0,0,0,"2022/experiment_2022/N11/T2_F","N11_A_I__00247.JPG",1
"269","N11","experiment_2022","T2_F",2022-03-25 23:29:50,2022-03-25,"23:29:50",75,1.2,0,0,"2022/experiment_2022/N11/T2_F","N11_B_I__00256.JPG",1
"270","N11","experiment_2022","T3_M",2022-03-02 00:16:53,2022-03-02,"00:16:53",0,0,0,0,"2022/experiment_2022/N11/T3_M","N11_A_I__00053.JPG",1
"271","N11","experiment_2022","T3_M",2022-03-09 01:01:37,2022-03-09,"01:01:37",607484,10124.7,168.7,7,"2022/experiment_2022/N11/T3_M","N11_B_I__00101.JPG",1
"272","N11","experiment_2022","T3_M",2022-03-25 22:48:09,2022-03-25,"22:48:09",1460792,24346.5,405.8,16.9,"2022/experiment_2022/N11/T3_M","N11_A_I__00246.JPG",1
"273","N11","experiment_2022","T3_M",2022-03-25 22:49:22,2022-03-25,"22:49:22",73,1.2,0,0,"2022/experiment_2022/N11/T3_M","N11_B_I__00255.JPG",1
"274","N12","experiment_2022","T4_M",2022-03-01 04:39:27,2022-03-01,"04:39:27",0,0,0,0,"2022/experiment_2022/N12/T4_M","N12_A_I__00039.JPG",1
"275","N12","experiment_2022","T4_M",2022-03-11 21:07:11,2022-03-11,"21:07:11",923264,15387.7,256.5,10.7,"2022/experiment_2022/N12/T4_M","N12_A_I__00082.JPG",1
"276","N12","experiment_2022","T4_M",2022-03-12 02:36:53,2022-03-12,"02:36:53",19782,329.7,5.5,0.2,"2022/experiment_2022/N12/T4_M","N12_A_I__00083.JPG",1
"277","N12","experiment_2022","T4_M",2022-03-14 03:18:45,2022-03-14,"03:18:45",175312,2921.9,48.7,2,"2022/experiment_2022/N12/T4_M","N12_A_I__00087.JPG",1
"278","N12","experiment_2022","T4_M",2022-03-17 07:50:48,2022-03-17,"07:50:48",275523,4592,76.5,3.2,"2022/experiment_2022/N12/T4_M","N12_A_I__00099.JPG",4
"279","N12","experiment_2022","T4_M",2022-03-28 08:40:13,2022-03-28,"08:40:13",953365,15889.4,264.8,11,"2022/experiment_2022/N12/T4_M","N12_A_I__00164.JPG",2
"280","N12","experiment_2022","T6_F",2021-03-14 15:07:10,2021-03-14,"15:07:10",0,0,0,0,"2022/experiment_2022/N12/T6_F","N12_B_I__00074.JPG",2
"281","N13","experiment_2022","T4_M",2022-03-01 06:31:10,2022-03-01,"06:31:10",0,0,0,0,"2022/experiment_2022/N13/T4_M","N13_B_I__00052.JPG",2
"282","N13","experiment_2022","T4_M",2022-03-01 17:03:05,2022-03-01,"17:03:05",37915,631.9,10.5,0.4,"2022/experiment_2022/N13/T4_M","N13_B_I__00060.JPG",3
"283","N13","experiment_2022","T4_M",2022-03-11 23:01:07,2022-03-11,"23:01:07",885482,14758,246,10.2,"2022/experiment_2022/N13/T4_M","N13_B_I__00125.JPG",2
"284","N13","experiment_2022","T4_M",2022-03-12 06:53:33,2022-03-12,"06:53:33",28346,472.4,7.9,0.3,"2022/experiment_2022/N13/T4_M","N13_B_I__00126.JPG",4
"285","N13","experiment_2022","T4_M",2022-03-14 19:57:23,2022-03-14,"19:57:23",219830,3663.8,61.1,2.5,"2022/experiment_2022/N13/T4_M","N13_B_I__00161.JPG",2
"286","N13","experiment_2022","T4_M",2022-03-28 10:20:36,2022-03-28,"10:20:36",1174993,19583.2,326.4,13.6,"2022/experiment_2022/N13/T4_M","N13_B_I__00296.JPG",4
"287","N13","experiment_2022","T6_F",2022-03-14 13:44:15,2022-03-14,"13:44:15",0,0,0,0,"2022/experiment_2022/N13/T6_F","N13_B_I__00157.JPG",4
"288","N14","experiment_2022","T4_M",2022-03-12 07:15:33,2022-03-12,"07:15:33",0,0,0,0,"2022/experiment_2022/N14/T4_M","N14_A_I__00104.JPG",3
"289","N14","experiment_2022","T4_M",2022-03-12 07:16:43,2022-03-12,"07:16:43",70,1.2,0,0,"2022/experiment_2022/N14/T4_M","N14_B_I__00119.JPG",4
"290","N14","experiment_2022","T4_M",2022-03-17 12:26:51,2022-03-17,"12:26:51",450608,7510.1,125.2,5.2,"2022/experiment_2022/N14/T4_M","N14_A_I__00130.JPG",3
"291","N14","experiment_2022","T4_M",2022-03-17 12:28:12,2022-03-17,"12:28:12",81,1.4,0,0,"2022/experiment_2022/N14/T4_M","N14_B_I__00146.JPG",3
"292","N14","experiment_2022","T4_M",2022-03-28 09:43:53,2022-03-28,"09:43:53",940541,15675.7,261.3,10.9,"2022/experiment_2022/N14/T4_M","N14_A_I__00167.JPG",3
"293","N14","experiment_2022","T4_M",2022-03-28 09:45:41,2022-03-28,"09:45:41",108,1.8,0,0,"2022/experiment_2022/N14/T4_M","N14_B_I__00167.JPG",2
"294","N14","experiment_2022","T6_F",2022-02-22 18:01:26,2022-02-22,"18:01:26",0,0,0,0,"2022/experiment_2022/N14/T6_F","N14_B_I__00014.JPG",1
"295","N16","experiment_2022","T17_F",2022-03-17 01:28:02,2022-03-17,"01:28:02",0,0,0,0,"2022/experiment_2022/N16/T17_F","N16_B_I__00048.JPG",1
"296","N17","experiment_2022","T5_M",2022-03-04 22:38:29,2022-03-04,"22:38:29",0,0,0,0,"2022/experiment_2022/N17/T5_M","N17_A_I__00051.JPG",1
"297","N19","experiment_2022","T2_F",2022-03-27 00:50:02,2022-03-27,"00:50:02",0,0,0,0,"2022/experiment_2022/N19/T2_F","N19_A_I__00080.JPG",1
"298","N19","experiment_2022","T3_M",2022-03-22 08:22:23,2022-03-22,"08:22:23",0,0,0,0,"2022/experiment_2022/N19/T3_M","N19_A_I__00036.JPG",6
"299","N2","experiment_2022","T4_M",2022-02-20 17:45:48,2022-02-20,"17:45:48",0,0,0,0,"2022/experiment_2022/N2/T4_M","N2_B_I__00048.JPG",4
"300","N2","experiment_2022","T4_M",2022-03-06 22:46:16,2022-03-06,"22:46:16",1227628,20460.5,341,14.2,"2022/experiment_2022/N2/T4_M","N2_B_I__00100.JPG",2
"301","N2","experiment_2022","T6_F",2022-03-06 23:15:57,2022-03-06,"23:15:57",0,0,0,0,"2022/experiment_2022/N2/T6_F","N2_B_I__00101.JPG",2
"302","N21","experiment_2022","T3_M",2022-03-02 01:21:37,2022-03-02,"01:21:37",0,0,0,0,"2022/experiment_2022/N21/T3_M","N21_B_I__00032.JPG",2
"303","N21","experiment_2022","T3_M",2022-03-03 02:03:16,2022-03-03,"02:03:16",88899,1481.7,24.7,1,"2022/experiment_2022/N21/T3_M","N21_B_I__00033.JPG",2
"304","N21","experiment_2022","T3_M",2022-03-09 02:03:55,2022-03-09,"02:03:55",518439,8640.6,144,6,"2022/experiment_2022/N21/T3_M","N21_B_I__00064.JPG",1
"305","N21","experiment_2022","T3_M",2022-03-26 06:06:33,2022-03-26,"06:06:33",1483358,24722.6,412,17.2,"2022/experiment_2022/N21/T3_M","N21_B_I__00075.JPG",1
"306","N21","experiment_2022","T3_M",2022-03-26 06:10:18,2022-03-26,"06:10:18",225,3.8,0.1,0,"2022/experiment_2022/N21/T3_M","N21_A_I__00134.JPG",1
"307","N21","experiment_2022","T5_M",2022-03-05 04:04:16,2022-03-05,"04:04:16",0,0,0,0,"2022/experiment_2022/N21/T5_M","N21_B_I__00053.JPG",1
"308","N21","experiment_2022","T5_M",2022-03-05 04:05:26,2022-03-05,"04:05:26",70,1.2,0,0,"2022/experiment_2022/N21/T5_M","N21_A_I__00085.JPG",1
"309","N21","experiment_2022","T5_M",2022-03-08 03:14:52,2022-03-08,"03:14:52",256166,4269.4,71.2,3,"2022/experiment_2022/N21/T5_M","N21_A_I__00091.JPG",1
"310","N22","experiment_2022","T2_F",2022-04-08 12:41:38,2022-04-08,"12:41:38",0,0,0,0,"2022/experiment_2022/N22/T2_F","N22_A_I__00039.JPG",2
"311","N3","experiment_2022","T19_F",2022-03-20 18:12:43,2022-03-20,"18:12:43",0,0,0,0,"2022/experiment_2022/N3/T19_F","N3_B_I__00163.JPG",2
"312","N4","experiment_2022","T19_F",2022-03-29 20:04:13,2022-03-29,"20:04:13",0,0,0,0,"2022/experiment_2022/N4/T19_F","N4_A_I__00038.JPG",2
"313","N6","experiment_2022","T19_F",2022-03-11 03:18:36,2022-03-11,"03:18:36",0,0,0,0,"2022/experiment_2022/N6/T19_F","N6_B_I__00252.JPG",1
"314","N6","experiment_2022","T19_F",2022-03-20 21:16:11,2022-03-20,"21:16:11",842255,14037.6,234,9.8,"2022/experiment_2022/N6/T19_F","N6_B_I__00298.JPG",1
"315","N6","experiment_2022","T19_F",2022-03-28 07:12:34,2022-03-28,"07:12:34",640583,10676.4,177.9,7.4,"2022/experiment_2022/N6/T19_F","N6_B_I__00322.JPG",1
"316","N6","experiment_2022","T19_F",2022-04-09 02:22:01,2022-04-09,"02:22:01",1019367,16989.4,283.2,11.8,"2022/experiment_2022/N6/T19_F","N6_B_I__00425.JPG",1
"317","N6","experiment_2022","T2_F",2022-03-26 17:18:57,2022-03-26,"17:18:57",0,0,0,0,"2022/experiment_2022/N6/T2_F","N6_B_I__00316.JPG",3
"318","N6","experiment_2022","T3_M",2022-03-08 06:49:47,2022-03-08,"06:49:47",0,0,0,0,"2022/experiment_2022/N6/T3_M","N6_B_I__00233.JPG",2
"319","N6","experiment_2022","T3_M",2022-03-08 19:18:09,2022-03-08,"19:18:09",44902,748.4,12.5,0.5,"2022/experiment_2022/N6/T3_M","N6_B_I__00244.JPG",1
"320","N6","experiment_2022","T3_M",2022-03-23 01:05:09,2022-03-23,"01:05:09",1230420,20507,341.8,14.2,"2022/experiment_2022/N6/T3_M","N6_B_I__00301.JPG",1
"321","N6","experiment_2022","T3_M",2022-04-08 20:12:28,2022-04-08,"20:12:28",1451239,24187.3,403.1,16.8,"2022/experiment_2022/N6/T3_M","N6_B_I__00424.JPG",1
"322","N7","experiment_2022","T19_F",2022-03-11 02:27:52,2022-03-11,"02:27:52",0,0,0,0,"2022/experiment_2022/N7/T19_F","N7_A1_I__00119.JPG",1
"323","N7","experiment_2022","T19_F",2022-03-20 23:21:23,2022-03-20,"23:21:23",852811,14213.5,236.9,9.9,"2022/experiment_2022/N7/T19_F","N7_A1_I__00183.JPG",2
"324","N7","experiment_2022","T19_F",2022-04-09 04:03:24,2022-04-09,"04:03:24",1658521,27642,460.7,19.2,"2022/experiment_2022/N7/T19_F","N7_A1_I__00404.JPG",2
"325","N7","experiment_2022","T2_F",2022-03-01 14:00:56,2022-03-01,"14:00:56",0,0,0,0,"2022/experiment_2022/N7/T2_F","N7_B_I__00102.JPG",2
"326","N7","experiment_2022","T2_F",2022-03-01 14:04:19,2022-03-01,"14:04:19",203,3.4,0.1,0,"2022/experiment_2022/N7/T2_F","N7_A_I__00094.JPG",2
"327","N7","experiment_2022","T2_F",2022-03-23 08:27:00,2022-03-23,"08:27:00",1880561,31342.7,522.4,21.8,"2022/experiment_2022/N7/T2_F","N7_A1_I__00191.JPG",3
"328","N7","experiment_2022","T2_F",2022-03-26 20:23:13,2022-03-26,"20:23:13",302173,5036.2,83.9,3.5,"2022/experiment_2022/N7/T2_F","N7_A1_I__00220.JPG",2
"329","N7","experiment_2022","T2_F",2022-03-29 06:04:25,2022-03-29,"06:04:25",207672,3461.2,57.7,2.4,"2022/experiment_2022/N7/T2_F","N7_A1_I__00232.JPG",1
"330","N7","experiment_2022","T3_M",2022-03-23 01:33:03,2022-03-23,"01:33:03",0,0,0,0,"2022/experiment_2022/N7/T3_M","N7_A1_I__00190.JPG",2
"331","N7","experiment_2022","T3_M",2022-03-25 04:00:03,2022-03-25,"04:00:03",181620,3027,50.5,2.1,"2022/experiment_2022/N7/T3_M","N7_A1_I__00196.JPG",2
"332","N7","experiment_2022","T3_M",2022-04-08 20:30:11,2022-04-08,"20:30:11",1269008,21150.1,352.5,14.7,"2022/experiment_2022/N7/T3_M","N7_A1_I__00403.JPG",2
"333","N8","experiment_2022","T19_F",2022-03-11 02:04:04,2022-03-11,"02:04:04",0,0,0,0,"2022/experiment_2022/N8/T19_F","N8_A_I__00513.JPG",1
"334","N8","experiment_2022","T19_F",2022-03-22 18:08:12,2022-03-22,"18:08:12",1008248,16804.1,280.1,11.7,"2022/experiment_2022/N8/T19_F","N8_A_I__00680.JPG",2
"335","N8","experiment_2022","T3_M",2022-03-08 23:47:42,2022-03-08,"23:47:42",0,0,0,0,"2022/experiment_2022/N8/T3_M","N8_A_I__00497.JPG",1
"336","N8","experiment_2022","T3_M",2022-03-23 01:14:15,2022-03-23,"01:14:15",1214793,20246.6,337.4,14.1,"2022/experiment_2022/N8/T3_M","N8_A_I__00683.JPG",1
"337","N9","experiment_2022","T2_F",2022-03-10 05:50:48,2022-03-10,"05:50:48",0,0,0,0,"2022/experiment_2022/N9/T2_F","N9_A_I__00103.JPG",1
"338","N9","experiment_2022","T2_F",2022-03-10 05:52:27,2022-03-10,"05:52:27",99,1.6,0,0,"2022/experiment_2022/N9/T2_F","N9_B_I__00110.JPG",1
"339","N9","experiment_2022","T3_M",2022-03-12 22:15:12,2022-03-12,"22:15:12",0,0,0,0,"2022/experiment_2022/N9/T3_M","N9_A_I__00114.JPG",1
"340","N9","experiment_2022","T3_M",2022-03-12 22:17:08,2022-03-12,"22:17:08",116,1.9,0,0,"2022/experiment_2022/N9/T3_M","N9_B_I__00131.JPG",1
"341","N9","experiment_2022","T3_M",2022-03-25 20:37:48,2022-03-25,"20:37:48",1117240,18620.7,310.3,12.9,"2022/experiment_2022/N9/T3_M","N9_A_I__00139.JPG",1
"342","N9","experiment_2022","T3_M",2022-03-25 20:40:53,2022-03-25,"20:40:53",185,3.1,0.1,0,"2022/experiment_2022/N9/T3_M","N9_B_I__00164.JPG",1
"343","N9","experiment_2022","T3_M",2022-04-08 19:15:19,2022-04-08,"19:15:19",1204466,20074.4,334.6,13.9,"2022/experiment_2022/N9/T3_M","N9_A_I__00148.JPG",2
"344","N9","experiment_2022","T3_M",2022-04-08 19:19:34,2022-04-08,"19:19:34",255,4.2,0.1,0,"2022/experiment_2022/N9/T3_M","N9_B_I__00177.JPG",2
"345","S12","experiment_2022","T25",2022-05-07 19:15:33,2022-05-07,"19:15:33",0,0,0,0,"2022/experiment_2022/S12/T25","S12_A_I__00452.JPG",2
"346","S12","experiment_2022","T28_F",2022-05-22 18:31:00,2022-05-22,"18:31:00",0,0,0,0,"2022/experiment_2022/S12/T28_F","S12_S12B.S12_B_I__01140 (2).JPG",3
"347","S16","experiment_2022","T5_M",2022-04-30 07:28:47,2022-04-30,"07:28:47",0,0,0,0,"2022/experiment_2022/S16/T5_M","S16_B_I__00006.JPG",4
"348","S16","experiment_2022","T5_M",2022-05-21 20:22:30,2022-05-21,"20:22:30",1860823,31013.7,516.9,21.5,"2022/experiment_2022/S16/T5_M","S16_A_I__00228.JPG",1
"349","S17","experiment_2022","T12_F",2022-04-27 05:22:37,2022-04-27,"05:22:37",0,0,0,0,"2022/experiment_2022/S17/T12_F","S17_B_I__00037.JPG",1
"350","S17","experiment_2022","T12_F",2022-04-27 11:25:19,2022-04-27,"11:25:19",21762,362.7,6,0.2,"2022/experiment_2022/S17/T12_F","S17.S17A.S17_A_I__00034.JPG",3
"351","S17","experiment_2022","T12_F",2022-04-27 13:20:08,2022-04-27,"13:20:08",6889,114.8,1.9,0.1,"2022/experiment_2022/S17/T12_F","S17_B_I__00039.JPG",3
"352","S17","experiment_2022","T12_F",2022-04-27 13:21:10,2022-04-27,"13:21:10",62,1,0,0,"2022/experiment_2022/S17/T12_F","S17_A_I__00037.JPG",2
"353","S17","experiment_2022","T12_F",2022-04-29 11:23:15,2022-04-29,"11:23:15",165725,2762.1,46,1.9,"2022/experiment_2022/S17/T12_F","S17_A_I__00052.JPG",4
"354","S17","experiment_2022","T12_F",2022-04-29 11:24:19,2022-04-29,"11:24:19",64,1.1,0,0,"2022/experiment_2022/S17/T12_F","S17_A_I__00054.JPG",3
"355","S17","experiment_2022","T5_M",2022-04-28 19:31:58,2022-04-28,"19:31:58",0,0,0,0,"2022/experiment_2022/S17/T5_M","S17_B_I__00050.JPG",1
"356","S19","experiment_2022","T24_F",2022-05-19 12:02:52,2022-05-19,"12:02:52",0,0,0,0,"2022/experiment_2022/S19/T24_F","S19_A_I__00046.JPG",1
"357","S19","experiment_2022","T24_F",2022-05-22 03:17:40,2022-05-22,"03:17:40",227688,3794.8,63.2,2.6,"2022/experiment_2022/S19/T24_F","S19_A_I__00050.JPG",1
"358","S19","experiment_2022","T29_F",2022-05-07 17:54:00,2022-05-07,"17:54:00",0,0,0,0,"2022/experiment_2022/S19/T29_F","S19_A_I__00026.JPG",1
"359","S19","experiment_2022","T9_M",2022-04-26 21:24:10,2022-04-26,"21:24:10",0,0,0,0,"2022/experiment_2022/S19/T9_M","S19_B_I__00011.JPG",1
"360","S19","experiment_2022","T9_M",2022-05-19 18:37:08,2022-05-19,"18:37:08",1977178,32953,549.2,22.9,"2022/experiment_2022/S19/T9_M","S19_A_I__00044.JPG",1
"361","S2","experiment_2022","T26_M",2022-05-14 07:32:02,2022-05-14,"07:32:02",0,0,0,0,"2022/experiment_2022/S2/T26_M","S2_A_I__00125.JPG",5
"362","S2","experiment_2022","T29_F",2022-04-27 19:37:52,2022-04-27,"19:37:52",0,0,0,0,"2022/experiment_2022/S2/T29_F","S2_A_I__00009.JPG",1
"363","S20","experiment_2022","T27_M",2022-05-13 06:57:06,2022-05-13,"06:57:06",0,0,0,0,"2022/experiment_2022/S20/T27_M","S20_B_I__00026.JPG",2
"364","S21","experiment_2022","T25",2022-06-23 16:19:25,2022-06-23,"16:19:25",0,0,0,0,"2022/experiment_2022/S21/T25","S21_A_I__00055.JPG",3
"365","S21","experiment_2022","T27_M",2022-05-15 07:17:51,2022-05-15,"07:17:51",0,0,0,0,"2022/experiment_2022/S21/T27_M","S21_B_I__00049.JPG",2
"366","S21","experiment_2022","T27_M",2022-06-14 07:19:07,2022-06-14,"07:19:07",2592076,43201.3,720,30,"2022/experiment_2022/S21/T27_M","S21_A_I__00018.JPG",2
"367","S21","experiment_2022","T28_F",2022-06-23 16:21:05,2022-06-23,"16:21:05",0,0,0,0,"2022/experiment_2022/S21/T28_F","S21_A_I__00059.JPG",3
"368","S3","experiment_2022","T25",2022-05-07 19:34:10,2022-05-07,"19:34:10",0,0,0,0,"2022/experiment_2022/S3/T25","S3_B_I__00244.JPG",1
"369","S4","experiment_2022","T29_F",2022-05-14 18:16:44,2022-05-14,"18:16:44",0,0,0,0,"2022/experiment_2022/S4/T29_F","S4_B_I__01052.JPG",2
"370","S4","experiment_2022","T9_M",2022-04-27 00:48:58,2022-04-27,"00:48:58",0,0,0,0,"2022/experiment_2022/S4/T9_M","S4_B_I__00180.JPG",1
"371","S5","experiment_2022","T24_F",2022-05-19 05:13:10,2022-05-19,"05:13:10",0,0,0,0,"2022/experiment_2022/S5/T24_F","S5_B_I__01124.JPG",1
"372","S5","experiment_2022","T24_F",2022-05-19 18:19:56,2022-05-19,"18:19:56",47206,786.8,13.1,0.5,"2022/experiment_2022/S5/T24_F","S5_B_I__01139.JPG",2
"373","S5","experiment_2022","T24_F",2022-05-19 18:21:54,2022-05-19,"18:21:54",118,2,0,0,"2022/experiment_2022/S5/T24_F","S5_A_I__01031.JPG",2
"374","S5","experiment_2022","T27_M",2022-05-20 21:42:02,2022-05-20,"21:42:02",0,0,0,0,"2022/experiment_2022/S5/T27_M","S5_B_I__01172.JPG",1
"375","S5","experiment_2022","T27_M",2022-05-20 21:43:52,2022-05-20,"21:43:52",110,1.8,0,0,"2022/experiment_2022/S5/T27_M","S5_A_I__01064.JPG",1
"376","S5","experiment_2022","T29_F",2022-05-16 19:10:10,2022-05-16,"19:10:10",0,0,0,0,"2022/experiment_2022/S5/T29_F","S5_B_I__01017.JPG",1
"377","S5","experiment_2022","T29_F",2022-05-16 19:11:52,2022-05-16,"19:11:52",102,1.7,0,0,"2022/experiment_2022/S5/T29_F","S5_A_I__00881.JPG",1
"378","S5","experiment_2022","T9_M",2022-04-26 21:38:14,2022-04-26,"21:38:14",0,0,0,0,"2022/experiment_2022/S5/T9_M","S5_B_I__00177.JPG",1
"379","S5","experiment_2022","T9_M",2022-04-26 21:39:18,2022-04-26,"21:39:18",64,1.1,0,0,"2022/experiment_2022/S5/T9_M","S5_A_I__00154.JPG",1
"380","S5","experiment_2022","T9_M",2022-04-27 00:09:50,2022-04-27,"00:09:50",9032,150.5,2.5,0.1,"2022/experiment_2022/S5/T9_M","S5_B_I__00178.JPG",1
"381","S5","experiment_2022","T9_M",2022-04-27 00:11:02,2022-04-27,"00:11:02",72,1.2,0,0,"2022/experiment_2022/S5/T9_M","S5_A_I__00155.JPG",1
"382","S5","experiment_2022","T9_M",2022-05-19 05:12:44,2022-05-19,"05:12:44",1918902,31981.7,533,22.2,"2022/experiment_2022/S5/T9_M","S5_B_I__01123.JPG",1
"383","S5","experiment_2022","T9_M",2022-05-19 05:14:34,2022-05-19,"05:14:34",110,1.8,0,0,"2022/experiment_2022/S5/T9_M","S5_A_I__01013.JPG",1
"384","S5","experiment_2022","T9_M",2022-05-19 18:19:40,2022-05-19,"18:19:40",47106,785.1,13.1,0.5,"2022/experiment_2022/S5/T9_M","S5_B_I__01137.JPG",2
"385","S5","experiment_2022","T9_M",2022-05-19 18:21:38,2022-05-19,"18:21:38",118,2,0,0,"2022/experiment_2022/S5/T9_M","S5_A_I__01028.JPG",2
"386","S8","experiment_2022","T29_F",2022-05-07 19:53:02,2022-05-07,"19:53:02",0,0,0,0,"2022/experiment_2022/S8/T29_F","S8_B_I__00439.JPG",1
"387","S8","experiment_2022","T29_F",2022-05-14 17:56:02,2022-05-14,"17:56:02",597780,9963,166.1,6.9,"2022/experiment_2022/S8/T29_F","S8_A_I__00709.JPG",2
"388","S8","experiment_2022","T9_M",2022-04-28 22:18:26,2022-04-28,"22:18:26",0,0,0,0,"2022/experiment_2022/S8/T9_M","S8_A_I__00139.JPG",2
"389","S8","experiment_2022","T9_M",2022-05-03 03:53:38,2022-05-03,"03:53:38",365712,6095.2,101.6,4.2,"2022/experiment_2022/S8/T9_M","S8_A_I__00284.JPG",2
"390","S8","experiment_2022","T9_M",2022-05-24 21:29:56,2022-05-24,"21:29:56",1877778,31296.3,521.6,21.7,"2022/experiment_2022/S8/T9_M","S8_A_I__01072.JPG",2
"391","S9","experiment_2022","T26_M",2022-05-20 23:11:42,2022-05-20,"23:11:42",0,0,0,0,"2022/experiment_2022/S9/T26_M","S9_A_I__00607.JPG",1
"392","S9","experiment_2022","T29_F",2022-05-21 00:24:52,2022-05-21,"00:24:52",0,0,0,0,"2022/experiment_2022/S9/T29_F","S9_A_I__00608.JPG",1
"393","S9","experiment_2022","T9_M",2022-04-26 04:04:28,2022-04-26,"04:04:28",0,0,0,0,"2022/experiment_2022/S9/T9_M","S9_A_I__00061.JPG",2
"394","S9","experiment_2022","T9_M",2022-05-02 01:27:16,2022-05-02,"01:27:16",508968,8482.8,141.4,5.9,"2022/experiment_2022/S9/T9_M","S9_A_I__00146.JPG",1
"395","S9","experiment_2022","T9_M",2022-05-10 19:47:50,2022-05-10,"19:47:50",757234,12620.6,210.3,8.8,"2022/experiment_2022/S9/T9_M","S9_A_I__00459.JPG",1
"396","S9","experiment_2022","T9_M",2022-05-24 19:02:14,2022-05-24,"19:02:14",1206864,20114.4,335.2,14,"2022/experiment_2022/S9/T9_M","S9_B_I__00567.JPG",1
